Questions,20%,40%,60%,80%,100%,NA,Valid Responses
Minimum Turning test rate [A7],0.1378809869375907,0.3076923076923077,0.3613933236574746,0.1799709724238026,0.013062409288824383,31,689
Maximum revised rate [A8],0.42043795620437957,0.4,0.13284671532846715,0.040875912408759124,0.00583941605839416,35,685
Minimum content coverage rate [A9],0.1348148148148148,0.30962962962962964,0.35259259259259257,0.17925925925925926,0.023703703703703703,45,675
Minimum time saving rate [A10],0.24597364568081992,0.34699853587115664,0.29282576866764276,0.1054172767203514,0.008784773060029283,37,683
