Granularity-Level,Count,Percentage
Class-Comment,447,0.6208333333333333
Method-Comment,614,0.8527777777777777
Statement-Comment,202,0.28055555555555556
