No,Questions,Strongly Disagree,Disagree,Neutral,Agree,Strongly Agree,I don't know,NA,Valid Responses,Agreement Rate,Likert Score
0,[I1] Lack of comments,11,50,157,363,132,1,6,713,0.6942496493688639,3.7784011220196354
1,[I2] Outdated comments,16,136,220,242,88,4,14,702,0.4700854700854701,3.3561253561253563
2,[I3] Comments inconsistent with code,45,240,199,176,41,6,13,701,0.3095577746077033,2.8972895863052783
3,[I4] Too long comments,50,277,259,91,21,8,14,698,0.16045845272206305,2.650429799426934
4,[I5] Redundant comments,39,254,213,150,41,7,16,697,0.27403156384505023,2.8565279770444763
5,[I6] Generic comments,15,63,189,326,116,2,9,709,0.6234132581100141,3.6558533145275036
